id,tipo,lista,titulo,slug_es,categorias,aliases,hub_refs,related_service_ids,hub_pin_rank,published,duracion_minutos
svc:botox,tratamiento,tratamientos,Botox®,botox,estetica|rejuvenecimiento,toxina botulinica|atenuar arrugas|suavizar lineas de expresion,hub:estetica-medica:rejuvenecimiento-facial,,90,true,45
svc:botox-full-face,tratamiento,tratamientos,Botox® full face,botox-full-face,estetica|rejuvenecimiento,botox full face|toxina botulinica en todo el rostro|armonizacion facial con botox|botox cara completa,hub:estetica-medica:rejuvenecimiento-facial,svc:botox|svc:toxina-botulinica-cuello,90,true,60
svc:botox-sonrisa-gingival,tratamiento,tratamientos,Botox® para sonrisa gingival,botox-sonrisa-gingival,estetica|rejuvenecimiento,botox para sonrisa gingival|encia expuesta al sonreir|tratamiento de la sonrisa gingival|toxina botulinica en labio superior,hub:estetica-medica:rejuvenecimiento-facial,svc:botox,10,true,30
svc:toxina-botulinica-cuello,tratamiento,tratamientos,Toxina botulínica para cuello (bandas platismales),toxina-botulinica-cuello,estetica|rejuvenecimiento,botox en el cuello|bandas platismales y tecnica nefertiti|lifting nefertiti|cuerdas del cuello|definicion del ovalo facial,hub:estetica-medica:rejuvenecimiento-facial,svc:botox|svc:botox-full-face,10,true,45
svc:toxina-botulinica-hiperhidrosis,tratamiento,tratamientos,Toxina botulínica para hiperhidrosis,toxina-botulinica-hiperhidrosis,estetica|terapeutico,botox para hiperhidrosis|tratamiento para la sudoracion excesiva|botox en axilas|sudoracion excesiva de manos y pies,hub:estetica-medica:toxina-botulinica-medica,svc:botox,90,true,45
svc:toxina-botulinica-bruxismo,tratamiento,tratamientos,Toxina botulínica para bruxismo,toxina-botulinica-bruxismo,estetica|terapeutico,botox para bruxismo|toxina botulinica en maseteros|apretamiento dentario|dolor mandibular y desgaste dental,hub:estetica-medica:toxina-botulinica-medica,svc:botox,10,true,45
svc:toxina-botulinica-migrana,tratamiento,tratamientos,Toxina botulínica para migraña,toxina-botulinica-migrana,estetica|terapeutico,botox para migrana|tratamiento preventivo de la migrana cronica|toxina botulinica para dolor de cabeza|protocolo preempt,hub:estetica-medica:toxina-botulinica-medica,svc:botox,10,true,45
svc:bioestimuladores,tratamiento,tratamientos,Bioestimuladores,bioestimuladores,estetica|bioestimulacion,bioestimuladores de colageno|estimular colageno y elastina|mejorar la calidad de la piel|firmeza y densidad cutanea,hub:estetica-medica:bioestimulacion,svc:skinbooster|svc:profhilo|svc:sculptra,90,true,60
svc:skinbooster,tratamiento,tratamientos,Skinbooster,skinbooster,estetica|bioestimulacion,skinbooster|hidratacion profunda con acido hialuronico|luminosidad y textura de la piel|microinyecciones de acido hialuronico,hub:estetica-medica:bioestimulacion,svc:bioestimuladores|svc:profhilo,10,true,60
svc:profhilo,tratamiento,tratamientos,Profhilo®,profhilo,estetica|bioestimulacion,profhilo|bioestimulacion con acido hialuronico hibrido|firmeza y calidad de piel|tecnica bap de cinco puntos,hub:estetica-medica:bioestimulacion,svc:bioestimuladores|svc:skinbooster,10,true,45
svc:sculptra,tratamiento,tratamientos,Sculptra®,sculptra,estetica|bioestimulacion,sculptra|acido poli-l-lactico|bioestimulador de colageno de larga duracion|recuperar densidad y soporte de la piel,hub:estetica-medica:bioestimulacion,svc:bioestimuladores|svc:profhilo,10,true,60
svc:extirpacion-lesiones-benignas,tratamiento,tratamientos,Extirpación de lesiones benignas,extirpacion-lesiones-benignas,estetica|cirugia menor,extirpacion de lesiones benignas|sacar lunares quistes y lipomas|cirugia dermatologica menor|exeresis con anatomia patologica,hub:consulta-dermatologica:lesiones-benignas,svc:electrocoagulacion,90,true,45
svc:consulta-seguimiento,consulta,consultas,Consulta - Dermatología de seguimiento,consulta-dermatologia-seguimiento,,control dermatologico|seguimiento de tratamiento|monitoreo cutaneo,hub:consulta-dermatologica:primera-consulta-vs-seguimiento,,10,true,30
svc:consulta-online,consulta,consultas,Consulta - Dermatología online,consulta-dermatologia-online,,teledermatologia|consulta virtual piel|video-consulta dermatologica,hub:consulta-dermatologica:consulta-online,,10,true,40
svc:consulta-1-vez,consulta,consultas,Consulta - dermatologia 1° vez,consulta-dermatologia-1-vez,,diagnostico inicial piel|primera vez dermatologo|revision dermatologica,hub:consulta-dermatologica:primera-consulta-vs-seguimiento,,90,true,60
svc:dermapen-medico,tratamiento,tratamientos,Dermapen médico,dermapen-medico,estetica|rejuvenecimiento,microneedling|induccion de colageno|tratamiento de textura,hub:estetica-medica:rejuvenecimiento-facial,,10,true,60
svc:electrocoagulacion,tratamiento,tratamientos,Electrocoagulacion,electrocoagulacion,estetica,tratar lesiones benignas|cauterizacion cutanea selectiva,hub:estetica-medica:rejuvenecimiento-facial,,10,true,30
svc:infiltracion-cicatriz-alopecia,tratamiento,tratamientos,Infiltración Cicatriz / Alopecia,infiltracion-cicatriz-alopecia,capilar,tratamiento de cicatrices|manejo de alopecia|infiltracion capilar,hub:estetica-medica:tratamientos-capilares-no-quirurgicos,,10,true,30
svc:limpieza-peeling-tca-espalda,tratamiento,tratamientos,Limpieza + Peeling TCA - Espalda,limpieza-peeling-tca-espalda,cosmiatria|peelings,higiene profunda espalda|renovacion cutanea espalda|peeling quimico,hub:cosmiatria:marco,,10,true,60
svc:limpieza-peeling-tca-facial,tratamiento,tratamientos,Limpieza + Peeling TCA - Facial,limpieza-peeling-tca-facial,cosmiatria|peelings,peeling facial renovador|tratamiento textura y manchas faciales|peeling TCA,hub:cosmiatria:marco,,10,true,60
svc:limpieza-corporal,tratamiento,tratamientos,Limpieza corporal,limpieza-corporal,cosmiatria,exfoliacion corporal profunda|higiene de la piel cuerpo,hub:cosmiatria:marco,,10,true,60
svc:limpieza-cutis,tratamiento,tratamientos,Limpieza de cutis,limpieza-de-cutis,cosmiatria,higiene facial profunda|extraccion comedones|limpieza de poros,hub:cosmiatria:marco,,90,true,60
svc:limpieza-peeling-mandelico,tratamiento,tratamientos,Limpieza de cutis + peeling mandélico,limpieza-cutis-peeling-mandelico,cosmiatria|peelings,luminosidad facial|peeling suave mandelico|higiene facial,hub:cosmiatria:marco,,10,true,60
svc:hydrojelly-mask,tratamiento,tratamientos,Luma Hydrojelly Mask,luma-hydrojelly-mask,cosmiatria,mascarilla hidroplastica|nutricion e hidratacion facial,hub:cosmiatria:marco,,10,true,60
svc:ipl-completa,tratamiento,tratamientos,Luz pulsada - Completa,luz-pulsada-completa,laser,ipl corporal|fotorejuvenecimiento integral|tratar manchas,hub:tratamientos-laser:manchas-y-melasma,,10,true,60
svc:ipl-facial,tratamiento,tratamientos,Luz pulsada - Facial,luz-pulsada-facial,laser|rejuvenecimiento,fotorejuvenecimiento facial|ipl cara|tratar rojeces cara,hub:tratamientos-laser:rejuvenecimiento-y-textura,,90,true,60
svc:ipl-manos,tratamiento,tratamientos,Luz pulsada - Manos,luz-pulsada-manos,laser,manchas en manos laser|rejuvenecimiento de manos,hub:tratamientos-laser:manchas-y-melasma,,10,true,30
svc:erbium-glass,tratamiento,tratamientos,Láser Erbium Glass,laser-erbium-glass,laser|rejuvenecimiento,"tensión , firmeza de la piel, textura y cicatrices . láser",hub:tratamientos-laser:rejuvenecimiento-y-textura,,10,true,45
svc:erbium-capilar,tratamiento,tratamientos,Láser Erbium capilar,laser-erbium-capilar,laser|capilar,bioestimulacion capilar laser|fortalecimiento folicular,hub:tratamientos-laser:capilar-laser,,10,true,30
svc:skin-reset,tratamiento,tratamientos,Láser Luma Skin Reset,laser-luma-skin-reset,laser|rejuvenecimiento,renovacion dermica profunda|reset cutaneo laser,hub:tratamientos-laser:rejuvenecimiento-y-textura,,90,true,80
svc:qswitch-completo,tratamiento,tratamientos,Láser Q-switch Completo,laser-q-switch-completo,laser, laser para tensar y tratar manchas,hub:tratamientos-laser:manchas-y-melasma,,10,true,60
svc:qswitch-estrias,tratamiento,tratamientos,Láser Q-switch Estrias,laser-q-switch-estrias,laser,mejorar apariencia de estrias|laser para textura,hub:tratamientos-laser:rejuvenecimiento-y-textura,,10,true,45
svc:qswitch-facial,tratamiento,tratamientos,Láser Q-switch Facial,laser-q-switch-facial,laser,tensar piel . unificar tono facial,hub:tratamientos-laser:manchas-y-melasma,,10,true,60
svc:qswitch-melasma,tratamiento,tratamientos,Láser Q-switch Melasma,laser-q-switch-melasma,laser,control de melasma|laser para manchas rebeldes,hub:tratamientos-laser:manchas-y-melasma,,10,true,40
svc:qswitch-ojeras,tratamiento,tratamientos,Láser Q-switch Ojeras,laser-q-switch-ojeras,laser,tratar ojeras oscuras|pigmentacion contorno de ojos,hub:tratamientos-laser:rejuvenecimiento-y-textura,,10,true,30
svc:qswitch-onicomicosis,tratamiento,tratamientos,Láser Q-switch Onicomicosis,laser-q-switch-onicomicosis,laser,laser para hongos en unas|tratamiento de micosis,hub:tratamientos-laser:onicomicosis-y-unas,,10,true,30
svc:qswitch-puntual,tratamiento,tratamientos,Láser Q-switch Puntual,laser-q-switch-puntual,laser,tratar manchas o lesiones pigmentarias puntuales,hub:tratamientos-laser:manchas-y-melasma,,10,true,30
svc:vascupen,tratamiento,tratamientos,Láser Vascupen,laser-vascupen,laser,tratar arañitas vasculares en cara. telangiectasias faciales . nevos rubí,hub:tratamientos-laser:rojeces-y-vascular,,10,true,30
svc:velo-novia,tratamiento,tratamientos,Láser Velo de Novia,laser-velo-de-novia,laser|rejuvenecimiento,"mejoría de poros, textura, afina pieles engrosadas ",hub:tratamientos-laser:rejuvenecimiento-y-textura,,90,true,60
svc:mesoterapia-capilar,tratamiento,tratamientos,Mesoterapia capilar,mesoterapia-capilar,capilar,bioestimulacion capilar|nutricion de raiz capilar,hub:estetica-medica:tratamientos-capilares-no-quirurgicos,,10,true,30
svc:peeling-retinoico,tratamiento,tratamientos,Peeling Retinoico,peeling-retinoico,cosmiatria|peelings,peeling para renovacion celular|tratamiento con un ácido de la familia de los retintines,hub:cosmiatria:marco,,10,true,45
svc:peeling-tca-gluteos,tratamiento,tratamientos,Peeling TCA - Gluteos,peeling-tca-gluteos,cosmiatria|peelings,textura de gluteos peeling|mejorar calidad de piel,hub:cosmiatria:marco,,10,true,60
svc:peeling-tca-manos,tratamiento,tratamientos,Peeling TCA - Manos,peeling-tca-manos,cosmiatria|peelings,rejuvenecer piel de manos|peeling quimico manos,hub:cosmiatria:marco,,10,true,40
svc:prp-capilar,tratamiento,tratamientos,Plasma Rico en Plaquetas - Capilar,plasma-rico-en-plaquetas-capilar,capilar,prp para pelo|factores de crecimiento capilar,hub:estetica-medica:tratamientos-capilares-no-quirurgicos,,10,true,60
svc:prp-completo,tratamiento,tratamientos,Plasma Rico en Plaquetas - Completo,plasma-rico-en-plaquetas-completo,estetica|rejuvenecimiento,tratamiento regenerativo prp|bioestimulacion integral,hub:estetica-medica:rejuvenecimiento-facial,,10,true,60
svc:prp-cara,tratamiento,tratamientos,Plasma Rico en Plaquetas - Facial,plasma-rico-en-plaquetas-cara,estetica|rejuvenecimiento,bioestimulacion facial plasma|prp rostro,hub:estetica-medica:rejuvenecimiento-facial,,10,true,60